arm	design_id	iptm	dockq	ddg	gpu_seconds	success	pdb_path	fnat	irmsd	lrmsd
A	vanilla_0	0.42	0.327	NA	1590.85	False	/home/sagemaker-user/RFantibody_partialflow/IL1RAP_5I1A_parallel/arm_A_vanilla/vanilla_0_seq.pdb	NA	1.039	1.593
A	vanilla_1	0.39	0.365	NA	1618.18	False	/home/sagemaker-user/RFantibody_partialflow/IL1RAP_5I1A_parallel/arm_A_vanilla/vanilla_1_seq.pdb	NA	0.413	1.135
A	vanilla_10	0.41	0.362	NA	1602.43	False	/home/sagemaker-user/RFantibody_partialflow/IL1RAP_5I1A_parallel/arm_A_vanilla/vanilla_10_seq.pdb	NA	0.517	1.006
A	vanilla_11	0.37	0.335	NA	1608.2	False	/home/sagemaker-user/RFantibody_partialflow/IL1RAP_5I1A_parallel/arm_A_vanilla/vanilla_11_seq.pdb	NA	0.892	1.413
A	vanilla_12	0.39	0.356	NA	1600.07	False	/home/sagemaker-user/RFantibody_partialflow/IL1RAP_5I1A_parallel/arm_A_vanilla/vanilla_12_seq.pdb	NA	0.334	1.722
A	vanilla_13	0.37	0.337	NA	1621.08	False	/home/sagemaker-user/RFantibody_partialflow/IL1RAP_5I1A_parallel/arm_A_vanilla/vanilla_13_seq.pdb	NA	0.578	1.338
A	vanilla_14	0.37	0.369	NA	1606.03	False	/home/sagemaker-user/RFantibody_partialflow/IL1RAP_5I1A_parallel/arm_A_vanilla/vanilla_14_seq.pdb	NA	0.335	1.016
A	vanilla_15	0.37	0.332	NA	1604.17	False	/home/sagemaker-user/RFantibody_partialflow/IL1RAP_5I1A_parallel/arm_A_vanilla/vanilla_15_seq.pdb	NA	0.562	1.549
A	vanilla_16	0.38	0.38	NA	1595.09	False	/home/sagemaker-user/RFantibody_partialflow/IL1RAP_5I1A_parallel/arm_A_vanilla/vanilla_16_seq.pdb	NA	0.351	0.885
A	vanilla_17	0.4	0.354	NA	1586.7	False	/home/sagemaker-user/RFantibody_partialflow/IL1RAP_5I1A_parallel/arm_A_vanilla/vanilla_17_seq.pdb	NA	0.327	1.112
A	vanilla_18	0.4	0.332	NA	1604.07	False	/home/sagemaker-user/RFantibody_partialflow/IL1RAP_5I1A_parallel/arm_A_vanilla/vanilla_18_seq.pdb	NA	0.631	1.42
A	vanilla_19	0.41	0.368	NA	1585.75	False	/home/sagemaker-user/RFantibody_partialflow/IL1RAP_5I1A_parallel/arm_A_vanilla/vanilla_19_seq.pdb	NA	0.425	1.442
A	vanilla_2	0.58	0.33	NA	1514.43	False	/home/sagemaker-user/RFantibody_partialflow/IL1RAP_5I1A_parallel/arm_A_vanilla/vanilla_2_seq.pdb	NA	0.742	1.594
A	vanilla_20	0.42	0.339	NA	1592.8	False	/home/sagemaker-user/RFantibody_partialflow/IL1RAP_5I1A_parallel/arm_A_vanilla/vanilla_20_seq.pdb	NA	0.59	1.591
A	vanilla_21	0.39	0.296	NA	1600.74	False	/home/sagemaker-user/RFantibody_partialflow/IL1RAP_5I1A_parallel/arm_A_vanilla/vanilla_21_seq.pdb	NA	1.119	1.949
A	vanilla_22	0.39	0.359	NA	1602.76	False	/home/sagemaker-user/RFantibody_partialflow/IL1RAP_5I1A_parallel/arm_A_vanilla/vanilla_22_seq.pdb	NA	0.509	1.568
A	vanilla_23	0.6	0.23	NA	1539.54	False	/home/sagemaker-user/RFantibody_partialflow/IL1RAP_5I1A_parallel/arm_A_vanilla/vanilla_23_seq.pdb	NA	2.36	1.933
A	vanilla_24	0.58	0.343	NA	1524.27	False	/home/sagemaker-user/RFantibody_partialflow/IL1RAP_5I1A_parallel/arm_A_vanilla/vanilla_24_seq.pdb	NA	0.339	1.904
A	vanilla_25	0.41	0.298	NA	1583.46	False	/home/sagemaker-user/RFantibody_partialflow/IL1RAP_5I1A_parallel/arm_A_vanilla/vanilla_25_seq.pdb	NA	1.52	1.547
A	vanilla_26	0.37	0.34	NA	1560.54	False	/home/sagemaker-user/RFantibody_partialflow/IL1RAP_5I1A_parallel/arm_A_vanilla/vanilla_26_seq.pdb	NA	0.82	1.171
A	vanilla_27	0.39	0.316	NA	1615.67	False	/home/sagemaker-user/RFantibody_partialflow/IL1RAP_5I1A_parallel/arm_A_vanilla/vanilla_27_seq.pdb	NA	1.203	1.12
A	vanilla_28	0.38	0.349	NA	1596.42	False	/home/sagemaker-user/RFantibody_partialflow/IL1RAP_5I1A_parallel/arm_A_vanilla/vanilla_28_seq.pdb	NA	0.577	1.202
A	vanilla_29	0.41	0.348	NA	1588.73	False	/home/sagemaker-user/RFantibody_partialflow/IL1RAP_5I1A_parallel/arm_A_vanilla/vanilla_29_seq.pdb	NA	0.687	2.094
A	vanilla_3	0.39	0.341	NA	1603.16	False	/home/sagemaker-user/RFantibody_partialflow/IL1RAP_5I1A_parallel/arm_A_vanilla/vanilla_3_seq.pdb	NA	0.567	1.26
A	vanilla_30	0.41	0.309	NA	1590.23	False	/home/sagemaker-user/RFantibody_partialflow/IL1RAP_5I1A_parallel/arm_A_vanilla/vanilla_30_seq.pdb	NA	1.164	2.283
A	vanilla_31	0.41	0.355	NA	1592.57	False	/home/sagemaker-user/RFantibody_partialflow/IL1RAP_5I1A_parallel/arm_A_vanilla/vanilla_31_seq.pdb	NA	0.534	1.947
A	vanilla_32	0.38	0.348	NA	1596.04	False	/home/sagemaker-user/RFantibody_partialflow/IL1RAP_5I1A_parallel/arm_A_vanilla/vanilla_32_seq.pdb	NA	0.353	1.18
A	vanilla_33	0.4	0.359	NA	1570.65	False	/home/sagemaker-user/RFantibody_partialflow/IL1RAP_5I1A_parallel/arm_A_vanilla/vanilla_33_seq.pdb	NA	0.53	1.126
A	vanilla_34	0.41	0.348	NA	1608.26	False	/home/sagemaker-user/RFantibody_partialflow/IL1RAP_5I1A_parallel/arm_A_vanilla/vanilla_34_seq.pdb	NA	0.47	1.477
A	vanilla_35	0.58	0.34	NA	1505.76	False	/home/sagemaker-user/RFantibody_partialflow/IL1RAP_5I1A_parallel/arm_A_vanilla/vanilla_35_seq.pdb	NA	0.501	0.863
A	vanilla_36	0.38	0.337	NA	1604.05	False	/home/sagemaker-user/RFantibody_partialflow/IL1RAP_5I1A_parallel/arm_A_vanilla/vanilla_36_seq.pdb	NA	0.49	1.503
A	vanilla_37	0.36	0.275	NA	1559.54	False	/home/sagemaker-user/RFantibody_partialflow/IL1RAP_5I1A_parallel/arm_A_vanilla/vanilla_37_seq.pdb	NA	1.396	2.055
A	vanilla_38	0.57	0.325	NA	1489.1	False	/home/sagemaker-user/RFantibody_partialflow/IL1RAP_5I1A_parallel/arm_A_vanilla/vanilla_38_seq.pdb	NA	0.681	1.674
A	vanilla_39	0.42	0.372	NA	1560.91	False	/home/sagemaker-user/RFantibody_partialflow/IL1RAP_5I1A_parallel/arm_A_vanilla/vanilla_39_seq.pdb	NA	0.368	1.356
A	vanilla_4	0.4	0.338	NA	1586.42	False	/home/sagemaker-user/RFantibody_partialflow/IL1RAP_5I1A_parallel/arm_A_vanilla/vanilla_4_seq.pdb	NA	0.548	1.545
A	vanilla_40	0.52	0.37	NA	1544.07	False	/home/sagemaker-user/RFantibody_partialflow/IL1RAP_5I1A_parallel/arm_A_vanilla/vanilla_40_seq.pdb	NA	0.324	1.541
A	vanilla_41	0.38	0.287	NA	1600.9	False	/home/sagemaker-user/RFantibody_partialflow/IL1RAP_5I1A_parallel/arm_A_vanilla/vanilla_41_seq.pdb	NA	1.295	1.128
A	vanilla_42	0.4	0.357	NA	1603.84	False	/home/sagemaker-user/RFantibody_partialflow/IL1RAP_5I1A_parallel/arm_A_vanilla/vanilla_42_seq.pdb	NA	0.395	1.395
A	vanilla_43	0.39	0.356	NA	1583.09	False	/home/sagemaker-user/RFantibody_partialflow/IL1RAP_5I1A_parallel/arm_A_vanilla/vanilla_43_seq.pdb	NA	0.596	1.421
A	vanilla_44	0.39	0.342	NA	1610.88	False	/home/sagemaker-user/RFantibody_partialflow/IL1RAP_5I1A_parallel/arm_A_vanilla/vanilla_44_seq.pdb	NA	0.497	1.562
A	vanilla_45	0.4	0.357	NA	1563.53	False	/home/sagemaker-user/RFantibody_partialflow/IL1RAP_5I1A_parallel/arm_A_vanilla/vanilla_45_seq.pdb	NA	0.488	1.47
A	vanilla_46	0.41	0.338	NA	1580.11	False	/home/sagemaker-user/RFantibody_partialflow/IL1RAP_5I1A_parallel/arm_A_vanilla/vanilla_46_seq.pdb	NA	0.643	1.203
A	vanilla_47	0.4	0.365	NA	1582.56	False	/home/sagemaker-user/RFantibody_partialflow/IL1RAP_5I1A_parallel/arm_A_vanilla/vanilla_47_seq.pdb	NA	0.466	1.094
A	vanilla_48	0.42	0.373	NA	1581.95	False	/home/sagemaker-user/RFantibody_partialflow/IL1RAP_5I1A_parallel/arm_A_vanilla/vanilla_48_seq.pdb	NA	0.34	1.256
A	vanilla_49	0.41	0.368	NA	1615.37	False	/home/sagemaker-user/RFantibody_partialflow/IL1RAP_5I1A_parallel/arm_A_vanilla/vanilla_49_seq.pdb	NA	0.329	1.134
A	vanilla_5	0.39	0.339	NA	1596.39	False	/home/sagemaker-user/RFantibody_partialflow/IL1RAP_5I1A_parallel/arm_A_vanilla/vanilla_5_seq.pdb	NA	0.492	1.249
A	vanilla_50	0.39	0.34	NA	1635.07	False	/home/sagemaker-user/RFantibody_partialflow/IL1RAP_5I1A_parallel/arm_A_vanilla/vanilla_50_seq.pdb	NA	0.563	1.64
A	vanilla_51	0.4	0.331	NA	1597.93	False	/home/sagemaker-user/RFantibody_partialflow/IL1RAP_5I1A_parallel/arm_A_vanilla/vanilla_51_seq.pdb	NA	0.698	1.252
A	vanilla_52	0.39	0.29	NA	1565.77	False	/home/sagemaker-user/RFantibody_partialflow/IL1RAP_5I1A_parallel/arm_A_vanilla/vanilla_52_seq.pdb	NA	1.175	1.473
A	vanilla_53	0.4	0.367	NA	1585.74	False	/home/sagemaker-user/RFantibody_partialflow/IL1RAP_5I1A_parallel/arm_A_vanilla/vanilla_53_seq.pdb	NA	0.286	1.039
A	vanilla_54	0.4	0.342	NA	1595.67	False	/home/sagemaker-user/RFantibody_partialflow/IL1RAP_5I1A_parallel/arm_A_vanilla/vanilla_54_seq.pdb	NA	0.583	1.406
A	vanilla_55	0.43	0.312	NA	1574.82	False	/home/sagemaker-user/RFantibody_partialflow/IL1RAP_5I1A_parallel/arm_A_vanilla/vanilla_55_seq.pdb	NA	1.231	1.297
A	vanilla_56	0.39	0.291	NA	1571.9	False	/home/sagemaker-user/RFantibody_partialflow/IL1RAP_5I1A_parallel/arm_A_vanilla/vanilla_56_seq.pdb	NA	1.195	1.586
A	vanilla_57	0.44	0.329	NA	1596.25	False	/home/sagemaker-user/RFantibody_partialflow/IL1RAP_5I1A_parallel/arm_A_vanilla/vanilla_57_seq.pdb	NA	0.908	1.458
A	vanilla_58	0.38	0.285	NA	1584.15	False	/home/sagemaker-user/RFantibody_partialflow/IL1RAP_5I1A_parallel/arm_A_vanilla/vanilla_58_seq.pdb	NA	1.273	1.671
A	vanilla_59	0.39	0.371	NA	1604.28	False	/home/sagemaker-user/RFantibody_partialflow/IL1RAP_5I1A_parallel/arm_A_vanilla/vanilla_59_seq.pdb	NA	0.311	1.54
A	vanilla_6	0.4	0.339	NA	1589.04	False	/home/sagemaker-user/RFantibody_partialflow/IL1RAP_5I1A_parallel/arm_A_vanilla/vanilla_6_seq.pdb	NA	0.512	1.645
A	vanilla_60	0.4	0.297	NA	1581.83	False	/home/sagemaker-user/RFantibody_partialflow/IL1RAP_5I1A_parallel/arm_A_vanilla/vanilla_60_seq.pdb	NA	1.098	1.347
A	vanilla_61	0.43	0.257	NA	1575.42	False	/home/sagemaker-user/RFantibody_partialflow/IL1RAP_5I1A_parallel/arm_A_vanilla/vanilla_61_seq.pdb	NA	2.226	2.371
A	vanilla_62	0.44	0.369	NA	1616.52	False	/home/sagemaker-user/RFantibody_partialflow/IL1RAP_5I1A_parallel/arm_A_vanilla/vanilla_62_seq.pdb	NA	0.328	1.253
A	vanilla_63	0.4	0.33	NA	1590.36	False	/home/sagemaker-user/RFantibody_partialflow/IL1RAP_5I1A_parallel/arm_A_vanilla/vanilla_63_seq.pdb	NA	0.747	1.734
A	vanilla_64	0.39	0.331	NA	1587.87	False	/home/sagemaker-user/RFantibody_partialflow/IL1RAP_5I1A_parallel/arm_A_vanilla/vanilla_64_seq.pdb	NA	0.683	1.143
A	vanilla_65	0.42	0.349	NA	1632.64	False	/home/sagemaker-user/RFantibody_partialflow/IL1RAP_5I1A_parallel/arm_A_vanilla/vanilla_65_seq.pdb	NA	0.483	1.341
A	vanilla_66	0.36	0.317	NA	1601.87	False	/home/sagemaker-user/RFantibody_partialflow/IL1RAP_5I1A_parallel/arm_A_vanilla/vanilla_66_seq.pdb	NA	0.846	1.171
A	vanilla_67	0.4	0.358	NA	1567.62	False	/home/sagemaker-user/RFantibody_partialflow/IL1RAP_5I1A_parallel/arm_A_vanilla/vanilla_67_seq.pdb	NA	0.549	1.367
A	vanilla_68	0.41	0.364	NA	1599.11	False	/home/sagemaker-user/RFantibody_partialflow/IL1RAP_5I1A_parallel/arm_A_vanilla/vanilla_68_seq.pdb	NA	0.428	1.192
A	vanilla_69	0.4	0.34	NA	1586.16	False	/home/sagemaker-user/RFantibody_partialflow/IL1RAP_5I1A_parallel/arm_A_vanilla/vanilla_69_seq.pdb	NA	0.495	1.279
A	vanilla_7	0.41	0.295	NA	1609.56	False	/home/sagemaker-user/RFantibody_partialflow/IL1RAP_5I1A_parallel/arm_A_vanilla/vanilla_7_seq.pdb	NA	1.163	1.552
A	vanilla_70	0.47	0.331	NA	1573.11	False	/home/sagemaker-user/RFantibody_partialflow/IL1RAP_5I1A_parallel/arm_A_vanilla/vanilla_70_seq.pdb	NA	0.826	1.831
A	vanilla_71	0.42	0.296	NA	1610.09	False	/home/sagemaker-user/RFantibody_partialflow/IL1RAP_5I1A_parallel/arm_A_vanilla/vanilla_71_seq.pdb	NA	1.049	1.844
A	vanilla_72	0.43	0.364	NA	1594.86	False	/home/sagemaker-user/RFantibody_partialflow/IL1RAP_5I1A_parallel/arm_A_vanilla/vanilla_72_seq.pdb	NA	0.4	1.903
A	vanilla_73	0.41	0.363	NA	1552.17	False	/home/sagemaker-user/RFantibody_partialflow/IL1RAP_5I1A_parallel/arm_A_vanilla/vanilla_73_seq.pdb	NA	0.527	1.315
A	vanilla_74	0.35	0.367	NA	1590.04	False	/home/sagemaker-user/RFantibody_partialflow/IL1RAP_5I1A_parallel/arm_A_vanilla/vanilla_74_seq.pdb	NA	0.314	1.404
A	vanilla_75	0.39	0.341	NA	1587.89	False	/home/sagemaker-user/RFantibody_partialflow/IL1RAP_5I1A_parallel/arm_A_vanilla/vanilla_75_seq.pdb	NA	0.543	1.311
A	vanilla_76	0.38	0.36	NA	1609.08	False	/home/sagemaker-user/RFantibody_partialflow/IL1RAP_5I1A_parallel/arm_A_vanilla/vanilla_76_seq.pdb	NA	0.339	1.725
A	vanilla_77	0.34	0.269	NA	1598.21	False	/home/sagemaker-user/RFantibody_partialflow/IL1RAP_5I1A_parallel/arm_A_vanilla/vanilla_77_seq.pdb	NA	1.576	1.474
A	vanilla_78	0.37	0.343	NA	1623.49	False	/home/sagemaker-user/RFantibody_partialflow/IL1RAP_5I1A_parallel/arm_A_vanilla/vanilla_78_seq.pdb	NA	0.49	1.477
A	vanilla_79	0.39	0.34	NA	1588.92	False	/home/sagemaker-user/RFantibody_partialflow/IL1RAP_5I1A_parallel/arm_A_vanilla/vanilla_79_seq.pdb	NA	0.859	1.285
A	vanilla_8	0.47	0.265	NA	1602.1	False	/home/sagemaker-user/RFantibody_partialflow/IL1RAP_5I1A_parallel/arm_A_vanilla/vanilla_8_seq.pdb	NA	2.075	2.163
A	vanilla_80	0.46	0.369	NA	1600.42	False	/home/sagemaker-user/RFantibody_partialflow/IL1RAP_5I1A_parallel/arm_A_vanilla/vanilla_80_seq.pdb	NA	0.336	1.506
A	vanilla_81	0.38	0.343	NA	1599.09	False	/home/sagemaker-user/RFantibody_partialflow/IL1RAP_5I1A_parallel/arm_A_vanilla/vanilla_81_seq.pdb	NA	0.39	1.444
A	vanilla_82	0.39	0.355	NA	1611.21	False	/home/sagemaker-user/RFantibody_partialflow/IL1RAP_5I1A_parallel/arm_A_vanilla/vanilla_82_seq.pdb	NA	0.591	1.586
A	vanilla_83	0.4	0.33	NA	1576.08	False	/home/sagemaker-user/RFantibody_partialflow/IL1RAP_5I1A_parallel/arm_A_vanilla/vanilla_83_seq.pdb	NA	0.912	1.47
A	vanilla_84	0.38	0.316	NA	1575.97	False	/home/sagemaker-user/RFantibody_partialflow/IL1RAP_5I1A_parallel/arm_A_vanilla/vanilla_84_seq.pdb	NA	1.094	2.032
A	vanilla_85	0.36	0.333	NA	1632.1	False	/home/sagemaker-user/RFantibody_partialflow/IL1RAP_5I1A_parallel/arm_A_vanilla/vanilla_85_seq.pdb	NA	0.584	1.238
A	vanilla_86	0.52	0.371	NA	1555.0	False	/home/sagemaker-user/RFantibody_partialflow/IL1RAP_5I1A_parallel/arm_A_vanilla/vanilla_86_seq.pdb	NA	0.349	0.998
A	vanilla_87	0.55	0.338	NA	1504.74	False	/home/sagemaker-user/RFantibody_partialflow/IL1RAP_5I1A_parallel/arm_A_vanilla/vanilla_87_seq.pdb	NA	0.499	2.454
A	vanilla_88	0.41	0.36	NA	1586.88	False	/home/sagemaker-user/RFantibody_partialflow/IL1RAP_5I1A_parallel/arm_A_vanilla/vanilla_88_seq.pdb	NA	0.487	1.3
A	vanilla_89	0.4	0.339	NA	1602.52	False	/home/sagemaker-user/RFantibody_partialflow/IL1RAP_5I1A_parallel/arm_A_vanilla/vanilla_89_seq.pdb	NA	0.458	1.532
A	vanilla_9	0.4	0.318	NA	1593.58	False	/home/sagemaker-user/RFantibody_partialflow/IL1RAP_5I1A_parallel/arm_A_vanilla/vanilla_9_seq.pdb	NA	0.792	1.493
A	vanilla_90	0.41	0.348	NA	1591.95	False	/home/sagemaker-user/RFantibody_partialflow/IL1RAP_5I1A_parallel/arm_A_vanilla/vanilla_90_seq.pdb	NA	0.749	1.689
A	vanilla_91	0.42	0.341	NA	1586.71	False	/home/sagemaker-user/RFantibody_partialflow/IL1RAP_5I1A_parallel/arm_A_vanilla/vanilla_91_seq.pdb	NA	0.755	2.189
A	vanilla_92	0.39	0.368	NA	1572.4	False	/home/sagemaker-user/RFantibody_partialflow/IL1RAP_5I1A_parallel/arm_A_vanilla/vanilla_92_seq.pdb	NA	0.311	1.696
A	vanilla_93	0.4	0.323	NA	1634.68	False	/home/sagemaker-user/RFantibody_partialflow/IL1RAP_5I1A_parallel/arm_A_vanilla/vanilla_93_seq.pdb	NA	0.725	1.67
A	vanilla_94	0.42	0.29	NA	1620.89	False	/home/sagemaker-user/RFantibody_partialflow/IL1RAP_5I1A_parallel/arm_A_vanilla/vanilla_94_seq.pdb	NA	1.088	1.803
A	vanilla_95	0.4	0.363	NA	1579.89	False	/home/sagemaker-user/RFantibody_partialflow/IL1RAP_5I1A_parallel/arm_A_vanilla/vanilla_95_seq.pdb	NA	0.423	1.242
A	vanilla_96	0.4	0.344	NA	1585.23	False	/home/sagemaker-user/RFantibody_partialflow/IL1RAP_5I1A_parallel/arm_A_vanilla/vanilla_96_seq.pdb	NA	0.533	1.241
A	vanilla_97	0.41	0.329	NA	1600.38	False	/home/sagemaker-user/RFantibody_partialflow/IL1RAP_5I1A_parallel/arm_A_vanilla/vanilla_97_seq.pdb	NA	0.569	1.731
A	vanilla_98	0.37	0.363	NA	1565.19	False	/home/sagemaker-user/RFantibody_partialflow/IL1RAP_5I1A_parallel/arm_A_vanilla/vanilla_98_seq.pdb	NA	0.308	1.473
A	vanilla_99	0.41	0.359	NA	1634.69	False	/home/sagemaker-user/RFantibody_partialflow/IL1RAP_5I1A_parallel/arm_A_vanilla/vanilla_99_seq.pdb	NA	0.374	1.364
C	c_node0296	0.653	0.73	0.0	2349.12	True	/home/sagemaker-user/RFantibody_partialflow/IL1RAP_5I1A_parallel/arm_C_beam_no_anchor/_beam_work/cp02_n0296_rfd_seq.pdb	NA	NA	NA
C	c_node0204	0.587	0.699	0.0	2351.4	False	/home/sagemaker-user/RFantibody_partialflow/IL1RAP_5I1A_parallel/arm_C_beam_no_anchor/_beam_work/cp02_n0204_rfd_seq.pdb	NA	NA	NA
C	c_node0206	0.6	0.698	0.0	2347.83	False	/home/sagemaker-user/RFantibody_partialflow/IL1RAP_5I1A_parallel/arm_C_beam_no_anchor/_beam_work/cp02_n0206_rfd_seq.pdb	NA	NA	NA
C	c_node0224	0.604	0.59	0.0	2351.72	True	/home/sagemaker-user/RFantibody_partialflow/IL1RAP_5I1A_parallel/arm_C_beam_no_anchor/_beam_work/cp02_n0224_rfd_seq.pdb	NA	NA	NA
C	c_node0200	0.597	0.7	0.0	2352.65	False	/home/sagemaker-user/RFantibody_partialflow/IL1RAP_5I1A_parallel/arm_C_beam_no_anchor/_beam_work/cp02_n0200_rfd_seq.pdb	NA	NA	NA
C	c_node0223	0.606	0.726	0.0	2351.17	True	/home/sagemaker-user/RFantibody_partialflow/IL1RAP_5I1A_parallel/arm_C_beam_no_anchor/_beam_work/cp02_n0223_rfd_seq.pdb	NA	NA	NA
C	c_node0229	0.593	0.713	0.0	2349.95	False	/home/sagemaker-user/RFantibody_partialflow/IL1RAP_5I1A_parallel/arm_C_beam_no_anchor/_beam_work/cp02_n0229_rfd_seq.pdb	NA	NA	NA
C	c_node0201	0.604	0.72	0.0	2351.67	True	/home/sagemaker-user/RFantibody_partialflow/IL1RAP_5I1A_parallel/arm_C_beam_no_anchor/_beam_work/cp02_n0201_rfd_seq.pdb	NA	NA	NA
C	c_node0215	0.593	0.717	0.0	2350.95	False	/home/sagemaker-user/RFantibody_partialflow/IL1RAP_5I1A_parallel/arm_C_beam_no_anchor/_beam_work/cp02_n0215_rfd_seq.pdb	NA	NA	NA
C	c_node0217	0.61	0.693	0.0	2346.2	True	/home/sagemaker-user/RFantibody_partialflow/IL1RAP_5I1A_parallel/arm_C_beam_no_anchor/_beam_work/cp02_n0217_rfd_seq.pdb	NA	NA	NA
C	c_node0218	0.601	0.651	0.0	2350.33	True	/home/sagemaker-user/RFantibody_partialflow/IL1RAP_5I1A_parallel/arm_C_beam_no_anchor/_beam_work/cp02_n0218_rfd_seq.pdb	NA	NA	NA
C	c_node0221	0.586	0.687	0.0	2350.82	False	/home/sagemaker-user/RFantibody_partialflow/IL1RAP_5I1A_parallel/arm_C_beam_no_anchor/_beam_work/cp02_n0221_rfd_seq.pdb	NA	NA	NA
C	c_node0231	0.61	0.721	0.0	2349.47	True	/home/sagemaker-user/RFantibody_partialflow/IL1RAP_5I1A_parallel/arm_C_beam_no_anchor/_beam_work/cp02_n0231_rfd_seq.pdb	NA	NA	NA
C	c_node0203	0.56	0.721	0.0	2351.38	False	/home/sagemaker-user/RFantibody_partialflow/IL1RAP_5I1A_parallel/arm_C_beam_no_anchor/_beam_work/cp02_n0203_rfd_seq.pdb	NA	NA	NA
C	c_node0207	0.577	0.67	0.0	2333.41	False	/home/sagemaker-user/RFantibody_partialflow/IL1RAP_5I1A_parallel/arm_C_beam_no_anchor/_beam_work/cp02_n0207_rfd_seq.pdb	NA	NA	NA
C	c_node0209	0.564	0.688	0.0	2347.69	False	/home/sagemaker-user/RFantibody_partialflow/IL1RAP_5I1A_parallel/arm_C_beam_no_anchor/_beam_work/cp02_n0209_rfd_seq.pdb	NA	NA	NA
C	c_node0272	0.621	0.716	0.0	2348.95	True	/home/sagemaker-user/RFantibody_partialflow/IL1RAP_5I1A_parallel/arm_C_beam_no_anchor/_beam_work/cp02_n0272_rfd_seq.pdb	NA	NA	NA
C	c_node0227	0.579	0.66	0.0	2348.39	False	/home/sagemaker-user/RFantibody_partialflow/IL1RAP_5I1A_parallel/arm_C_beam_no_anchor/_beam_work/cp02_n0227_rfd_seq.pdb	NA	NA	NA
C	c_node0228	0.61	0.723	0.0	2348.96	True	/home/sagemaker-user/RFantibody_partialflow/IL1RAP_5I1A_parallel/arm_C_beam_no_anchor/_beam_work/cp02_n0228_rfd_seq.pdb	NA	NA	NA
C	c_node0230	0.601	0.712	0.0	2347.1	True	/home/sagemaker-user/RFantibody_partialflow/IL1RAP_5I1A_parallel/arm_C_beam_no_anchor/_beam_work/cp02_n0230_rfd_seq.pdb	NA	NA	NA
C	c_node0236	0.586	0.615	0.0	2347.45	False	/home/sagemaker-user/RFantibody_partialflow/IL1RAP_5I1A_parallel/arm_C_beam_no_anchor/_beam_work/cp02_n0236_rfd_seq.pdb	NA	NA	NA
C	c_node0237	0.59	0.67	0.0	2347.34	False	/home/sagemaker-user/RFantibody_partialflow/IL1RAP_5I1A_parallel/arm_C_beam_no_anchor/_beam_work/cp02_n0237_rfd_seq.pdb	NA	NA	NA
C	c_node0205	0.562	0.703	0.0	2349.02	False	/home/sagemaker-user/RFantibody_partialflow/IL1RAP_5I1A_parallel/arm_C_beam_no_anchor/_beam_work/cp02_n0205_rfd_seq.pdb	NA	NA	NA
C	c_node0210	0.579	0.735	0.0	2347.91	False	/home/sagemaker-user/RFantibody_partialflow/IL1RAP_5I1A_parallel/arm_C_beam_no_anchor/_beam_work/cp02_n0210_rfd_seq.pdb	NA	NA	NA
C	c_node0212	0.566	0.737	0.0	2348.84	False	/home/sagemaker-user/RFantibody_partialflow/IL1RAP_5I1A_parallel/arm_C_beam_no_anchor/_beam_work/cp02_n0212_rfd_seq.pdb	NA	NA	NA
C	c_node0213	0.574	0.591	0.0	2349.11	False	/home/sagemaker-user/RFantibody_partialflow/IL1RAP_5I1A_parallel/arm_C_beam_no_anchor/_beam_work/cp02_n0213_rfd_seq.pdb	NA	NA	NA
C	c_node0214	0.572	0.597	0.0	2349.66	False	/home/sagemaker-user/RFantibody_partialflow/IL1RAP_5I1A_parallel/arm_C_beam_no_anchor/_beam_work/cp02_n0214_rfd_seq.pdb	NA	NA	NA
C	c_node0225	0.566	0.725	0.0	2350.5	False	/home/sagemaker-user/RFantibody_partialflow/IL1RAP_5I1A_parallel/arm_C_beam_no_anchor/_beam_work/cp02_n0225_rfd_seq.pdb	NA	NA	NA
C	c_node0232	0.588	0.655	0.0	2352.23	False	/home/sagemaker-user/RFantibody_partialflow/IL1RAP_5I1A_parallel/arm_C_beam_no_anchor/_beam_work/cp02_n0232_rfd_seq.pdb	NA	NA	NA
C	c_node0239	0.583	0.691	0.0	2350.85	False	/home/sagemaker-user/RFantibody_partialflow/IL1RAP_5I1A_parallel/arm_C_beam_no_anchor/_beam_work/cp02_n0239_rfd_seq.pdb	NA	NA	NA
C	c_node0245	0.607	0.722	0.0	2345.25	True	/home/sagemaker-user/RFantibody_partialflow/IL1RAP_5I1A_parallel/arm_C_beam_no_anchor/_beam_work/cp02_n0245_rfd_seq.pdb	NA	NA	NA
C	c_node0208	0.553	0.631	0.0	2347.24	False	/home/sagemaker-user/RFantibody_partialflow/IL1RAP_5I1A_parallel/arm_C_beam_no_anchor/_beam_work/cp02_n0208_rfd_seq.pdb	NA	NA	NA
C	c_node0240	0.611	0.705	0.0	2348.42	True	/home/sagemaker-user/RFantibody_partialflow/IL1RAP_5I1A_parallel/arm_C_beam_no_anchor/_beam_work/cp02_n0240_rfd_seq.pdb	NA	NA	NA
C	c_node0288	0.654	0.71	0.0	2349.99	True	/home/sagemaker-user/RFantibody_partialflow/IL1RAP_5I1A_parallel/arm_C_beam_no_anchor/_beam_work/cp02_n0288_rfd_seq.pdb	NA	NA	NA
C	c_node0234	0.578	0.691	0.0	2346.53	False	/home/sagemaker-user/RFantibody_partialflow/IL1RAP_5I1A_parallel/arm_C_beam_no_anchor/_beam_work/cp02_n0234_rfd_seq.pdb	NA	NA	NA
C	c_node0216	0.542	0.712	0.0	2350.81	False	/home/sagemaker-user/RFantibody_partialflow/IL1RAP_5I1A_parallel/arm_C_beam_no_anchor/_beam_work/cp02_n0216_rfd_seq.pdb	NA	NA	NA
C	c_node0219	0.546	0.714	0.0	2348.3	False	/home/sagemaker-user/RFantibody_partialflow/IL1RAP_5I1A_parallel/arm_C_beam_no_anchor/_beam_work/cp02_n0219_rfd_seq.pdb	NA	NA	NA
C	c_node0222	0.566	0.709	0.0	2349.28	False	/home/sagemaker-user/RFantibody_partialflow/IL1RAP_5I1A_parallel/arm_C_beam_no_anchor/_beam_work/cp02_n0222_rfd_seq.pdb	NA	NA	NA
C	c_node0226	0.565	0.643	0.0	2349.28	False	/home/sagemaker-user/RFantibody_partialflow/IL1RAP_5I1A_parallel/arm_C_beam_no_anchor/_beam_work/cp02_n0226_rfd_seq.pdb	NA	NA	NA
C	c_node0233	0.575	0.653	0.0	2348.13	False	/home/sagemaker-user/RFantibody_partialflow/IL1RAP_5I1A_parallel/arm_C_beam_no_anchor/_beam_work/cp02_n0233_rfd_seq.pdb	NA	NA	NA
C	c_node0241	0.605	0.679	0.0	2350.31	True	/home/sagemaker-user/RFantibody_partialflow/IL1RAP_5I1A_parallel/arm_C_beam_no_anchor/_beam_work/cp02_n0241_rfd_seq.pdb	NA	NA	NA
C	c_node0246	0.57	0.707	0.0	2350.3	False	/home/sagemaker-user/RFantibody_partialflow/IL1RAP_5I1A_parallel/arm_C_beam_no_anchor/_beam_work/cp02_n0246_rfd_seq.pdb	NA	NA	NA
C	c_node0248	0.622	0.668	0.0	2349.72	True	/home/sagemaker-user/RFantibody_partialflow/IL1RAP_5I1A_parallel/arm_C_beam_no_anchor/_beam_work/cp02_n0248_rfd_seq.pdb	NA	NA	NA
C	c_node0249	0.575	0.706	0.0	2349.25	False	/home/sagemaker-user/RFantibody_partialflow/IL1RAP_5I1A_parallel/arm_C_beam_no_anchor/_beam_work/cp02_n0249_rfd_seq.pdb	NA	NA	NA
C	c_node0284	0.609	0.722	0.0	2349.83	True	/home/sagemaker-user/RFantibody_partialflow/IL1RAP_5I1A_parallel/arm_C_beam_no_anchor/_beam_work/cp02_n0284_rfd_seq.pdb	NA	NA	NA
C	c_node0202	0.53	0.69	0.0	2347.56	False	/home/sagemaker-user/RFantibody_partialflow/IL1RAP_5I1A_parallel/arm_C_beam_no_anchor/_beam_work/cp02_n0202_rfd_seq.pdb	NA	NA	NA
C	c_node0243	0.579	0.685	0.0	2347.45	False	/home/sagemaker-user/RFantibody_partialflow/IL1RAP_5I1A_parallel/arm_C_beam_no_anchor/_beam_work/cp02_n0243_rfd_seq.pdb	NA	NA	NA
C	c_node0247	0.564	0.704	0.0	2349.93	False	/home/sagemaker-user/RFantibody_partialflow/IL1RAP_5I1A_parallel/arm_C_beam_no_anchor/_beam_work/cp02_n0247_rfd_seq.pdb	NA	NA	NA
C	c_node0255	0.58	0.713	0.0	2351.12	False	/home/sagemaker-user/RFantibody_partialflow/IL1RAP_5I1A_parallel/arm_C_beam_no_anchor/_beam_work/cp02_n0255_rfd_seq.pdb	NA	NA	NA
C	c_node0258	0.58	0.67	0.0	2347.95	False	/home/sagemaker-user/RFantibody_partialflow/IL1RAP_5I1A_parallel/arm_C_beam_no_anchor/_beam_work/cp02_n0258_rfd_seq.pdb	NA	NA	NA
C	c_node0262	0.584	0.679	0.0	2345.68	False	/home/sagemaker-user/RFantibody_partialflow/IL1RAP_5I1A_parallel/arm_C_beam_no_anchor/_beam_work/cp02_n0262_rfd_seq.pdb	NA	NA	NA
C	c_node0275	0.601	0.715	0.0	2348.76	True	/home/sagemaker-user/RFantibody_partialflow/IL1RAP_5I1A_parallel/arm_C_beam_no_anchor/_beam_work/cp02_n0275_rfd_seq.pdb	NA	NA	NA
C	c_node0280	0.594	0.712	0.0	2345.72	False	/home/sagemaker-user/RFantibody_partialflow/IL1RAP_5I1A_parallel/arm_C_beam_no_anchor/_beam_work/cp02_n0280_rfd_seq.pdb	NA	NA	NA
C	c_node0282	0.593	0.726	0.0	2350.17	False	/home/sagemaker-user/RFantibody_partialflow/IL1RAP_5I1A_parallel/arm_C_beam_no_anchor/_beam_work/cp02_n0282_rfd_seq.pdb	NA	NA	NA
C	c_node0293	0.62	0.718	0.0	2351.93	True	/home/sagemaker-user/RFantibody_partialflow/IL1RAP_5I1A_parallel/arm_C_beam_no_anchor/_beam_work/cp02_n0293_rfd_seq.pdb	NA	NA	NA
C	c_node0295	0.587	0.71	0.0	2348.06	False	/home/sagemaker-user/RFantibody_partialflow/IL1RAP_5I1A_parallel/arm_C_beam_no_anchor/_beam_work/cp02_n0295_rfd_seq.pdb	NA	NA	NA
C	c_node0220	0.56	0.682	0.0	2349.78	False	/home/sagemaker-user/RFantibody_partialflow/IL1RAP_5I1A_parallel/arm_C_beam_no_anchor/_beam_work/cp02_n0220_rfd_seq.pdb	NA	NA	NA
C	c_node0244	0.56	0.713	0.0	2348.72	False	/home/sagemaker-user/RFantibody_partialflow/IL1RAP_5I1A_parallel/arm_C_beam_no_anchor/_beam_work/cp02_n0244_rfd_seq.pdb	NA	NA	NA
C	c_node0250	0.56	0.732	0.0	2345.69	False	/home/sagemaker-user/RFantibody_partialflow/IL1RAP_5I1A_parallel/arm_C_beam_no_anchor/_beam_work/cp02_n0250_rfd_seq.pdb	NA	NA	NA
C	c_node0251	0.58	0.64	0.0	2348.76	False	/home/sagemaker-user/RFantibody_partialflow/IL1RAP_5I1A_parallel/arm_C_beam_no_anchor/_beam_work/cp02_n0251_rfd_seq.pdb	NA	NA	NA
C	c_node0253	0.57	0.697	0.0	2350.31	False	/home/sagemaker-user/RFantibody_partialflow/IL1RAP_5I1A_parallel/arm_C_beam_no_anchor/_beam_work/cp02_n0253_rfd_seq.pdb	NA	NA	NA
C	c_node0254	0.555	0.686	0.0	2349.38	False	/home/sagemaker-user/RFantibody_partialflow/IL1RAP_5I1A_parallel/arm_C_beam_no_anchor/_beam_work/cp02_n0254_rfd_seq.pdb	NA	NA	NA
C	c_node0256	0.57	0.697	0.0	2346.65	False	/home/sagemaker-user/RFantibody_partialflow/IL1RAP_5I1A_parallel/arm_C_beam_no_anchor/_beam_work/cp02_n0256_rfd_seq.pdb	NA	NA	NA
C	c_node0257	0.586	0.706	0.0	2347.41	False	/home/sagemaker-user/RFantibody_partialflow/IL1RAP_5I1A_parallel/arm_C_beam_no_anchor/_beam_work/cp02_n0257_rfd_seq.pdb	NA	NA	NA
C	c_node0260	0.577	0.7	0.0	2347.5	False	/home/sagemaker-user/RFantibody_partialflow/IL1RAP_5I1A_parallel/arm_C_beam_no_anchor/_beam_work/cp02_n0260_rfd_seq.pdb	NA	NA	NA
C	c_node0265	0.575	0.707	0.0	2345.68	False	/home/sagemaker-user/RFantibody_partialflow/IL1RAP_5I1A_parallel/arm_C_beam_no_anchor/_beam_work/cp02_n0265_rfd_seq.pdb	NA	NA	NA
C	c_node0267	0.574	0.699	0.0	2348.43	False	/home/sagemaker-user/RFantibody_partialflow/IL1RAP_5I1A_parallel/arm_C_beam_no_anchor/_beam_work/cp02_n0267_rfd_seq.pdb	NA	NA	NA
C	c_node0283	0.58	0.582	0.0	2348.23	False	/home/sagemaker-user/RFantibody_partialflow/IL1RAP_5I1A_parallel/arm_C_beam_no_anchor/_beam_work/cp02_n0283_rfd_seq.pdb	NA	NA	NA
C	c_node0297	0.599	0.707	0.0	2349.89	False	/home/sagemaker-user/RFantibody_partialflow/IL1RAP_5I1A_parallel/arm_C_beam_no_anchor/_beam_work/cp02_n0297_rfd_seq.pdb	NA	NA	NA
C	c_node0242	0.555	0.739	0.0	2360.1	False	/home/sagemaker-user/RFantibody_partialflow/IL1RAP_5I1A_parallel/arm_C_beam_no_anchor/_beam_work/cp02_n0242_rfd_seq.pdb	NA	NA	NA
C	c_node0269	0.582	0.654	0.0	2347.83	False	/home/sagemaker-user/RFantibody_partialflow/IL1RAP_5I1A_parallel/arm_C_beam_no_anchor/_beam_work/cp02_n0269_rfd_seq.pdb	NA	NA	NA
C	c_node0270	0.573	0.711	0.0	2348.09	False	/home/sagemaker-user/RFantibody_partialflow/IL1RAP_5I1A_parallel/arm_C_beam_no_anchor/_beam_work/cp02_n0270_rfd_seq.pdb	NA	NA	NA
C	c_node0274	0.573	0.73	0.0	2346.71	False	/home/sagemaker-user/RFantibody_partialflow/IL1RAP_5I1A_parallel/arm_C_beam_no_anchor/_beam_work/cp02_n0274_rfd_seq.pdb	NA	NA	NA
C	c_node0281	0.58	0.718	0.0	2347.68	False	/home/sagemaker-user/RFantibody_partialflow/IL1RAP_5I1A_parallel/arm_C_beam_no_anchor/_beam_work/cp02_n0281_rfd_seq.pdb	NA	NA	NA
C	c_node0286	0.571	0.684	0.0	2348.13	False	/home/sagemaker-user/RFantibody_partialflow/IL1RAP_5I1A_parallel/arm_C_beam_no_anchor/_beam_work/cp02_n0286_rfd_seq.pdb	NA	NA	NA
C	c_node0287	0.602	0.723	0.0	2349.18	True	/home/sagemaker-user/RFantibody_partialflow/IL1RAP_5I1A_parallel/arm_C_beam_no_anchor/_beam_work/cp02_n0287_rfd_seq.pdb	NA	NA	NA
C	c_node0289	0.569	0.718	0.0	2347.09	False	/home/sagemaker-user/RFantibody_partialflow/IL1RAP_5I1A_parallel/arm_C_beam_no_anchor/_beam_work/cp02_n0289_rfd_seq.pdb	NA	NA	NA
C	c_node0298	0.58	0.665	0.0	2351.18	False	/home/sagemaker-user/RFantibody_partialflow/IL1RAP_5I1A_parallel/arm_C_beam_no_anchor/_beam_work/cp02_n0298_rfd_seq.pdb	NA	NA	NA
C	c_node0235	0.57	0.703	0.0	2346.71	False	/home/sagemaker-user/RFantibody_partialflow/IL1RAP_5I1A_parallel/arm_C_beam_no_anchor/_beam_work/cp02_n0235_rfd_seq.pdb	NA	NA	NA
C	c_node0252	0.535	0.7	0.0	2346.68	False	/home/sagemaker-user/RFantibody_partialflow/IL1RAP_5I1A_parallel/arm_C_beam_no_anchor/_beam_work/cp02_n0252_rfd_seq.pdb	NA	NA	NA
C	c_node0261	0.556	0.721	0.0	2350.34	False	/home/sagemaker-user/RFantibody_partialflow/IL1RAP_5I1A_parallel/arm_C_beam_no_anchor/_beam_work/cp02_n0261_rfd_seq.pdb	NA	NA	NA
C	c_node0264	0.576	0.706	0.0	2347.03	False	/home/sagemaker-user/RFantibody_partialflow/IL1RAP_5I1A_parallel/arm_C_beam_no_anchor/_beam_work/cp02_n0264_rfd_seq.pdb	NA	NA	NA
C	c_node0273	0.59	0.596	0.0	2345.46	False	/home/sagemaker-user/RFantibody_partialflow/IL1RAP_5I1A_parallel/arm_C_beam_no_anchor/_beam_work/cp02_n0273_rfd_seq.pdb	NA	NA	NA
C	c_node0276	0.57	0.732	0.0	2349.6	False	/home/sagemaker-user/RFantibody_partialflow/IL1RAP_5I1A_parallel/arm_C_beam_no_anchor/_beam_work/cp02_n0276_rfd_seq.pdb	NA	NA	NA
C	c_node0279	0.57	0.71	0.0	2348.6	False	/home/sagemaker-user/RFantibody_partialflow/IL1RAP_5I1A_parallel/arm_C_beam_no_anchor/_beam_work/cp02_n0279_rfd_seq.pdb	NA	NA	NA
C	c_node0285	0.568	0.713	0.0	2348.57	False	/home/sagemaker-user/RFantibody_partialflow/IL1RAP_5I1A_parallel/arm_C_beam_no_anchor/_beam_work/cp02_n0285_rfd_seq.pdb	NA	NA	NA
C	c_node0290	0.573	0.683	0.0	2348.52	False	/home/sagemaker-user/RFantibody_partialflow/IL1RAP_5I1A_parallel/arm_C_beam_no_anchor/_beam_work/cp02_n0290_rfd_seq.pdb	NA	NA	NA
C	c_node0211	0.513	0.726	0.0	2349.65	False	/home/sagemaker-user/RFantibody_partialflow/IL1RAP_5I1A_parallel/arm_C_beam_no_anchor/_beam_work/cp02_n0211_rfd_seq.pdb	NA	NA	NA
C	c_node0238	0.546	0.721	0.0	2347.19	False	/home/sagemaker-user/RFantibody_partialflow/IL1RAP_5I1A_parallel/arm_C_beam_no_anchor/_beam_work/cp02_n0238_rfd_seq.pdb	NA	NA	NA
C	c_node0259	0.55	0.707	0.0	2345.94	False	/home/sagemaker-user/RFantibody_partialflow/IL1RAP_5I1A_parallel/arm_C_beam_no_anchor/_beam_work/cp02_n0259_rfd_seq.pdb	NA	NA	NA
C	c_node0268	0.545	0.716	0.0	2347.61	False	/home/sagemaker-user/RFantibody_partialflow/IL1RAP_5I1A_parallel/arm_C_beam_no_anchor/_beam_work/cp02_n0268_rfd_seq.pdb	NA	NA	NA
C	c_node0278	0.553	0.647	0.0	2348.19	False	/home/sagemaker-user/RFantibody_partialflow/IL1RAP_5I1A_parallel/arm_C_beam_no_anchor/_beam_work/cp02_n0278_rfd_seq.pdb	NA	NA	NA
C	c_node0263	0.565	0.698	0.0	2349.47	False	/home/sagemaker-user/RFantibody_partialflow/IL1RAP_5I1A_parallel/arm_C_beam_no_anchor/_beam_work/cp02_n0263_rfd_seq.pdb	NA	NA	NA
C	c_node0266	0.574	0.716	0.0	2346.53	False	/home/sagemaker-user/RFantibody_partialflow/IL1RAP_5I1A_parallel/arm_C_beam_no_anchor/_beam_work/cp02_n0266_rfd_seq.pdb	NA	NA	NA
C	c_node0277	0.56	0.704	0.0	2346.96	False	/home/sagemaker-user/RFantibody_partialflow/IL1RAP_5I1A_parallel/arm_C_beam_no_anchor/_beam_work/cp02_n0277_rfd_seq.pdb	NA	NA	NA
C	c_node0299	0.56	0.724	0.0	2348.84	False	/home/sagemaker-user/RFantibody_partialflow/IL1RAP_5I1A_parallel/arm_C_beam_no_anchor/_beam_work/cp02_n0299_rfd_seq.pdb	NA	NA	NA
C	c_node0294	0.53	0.715	0.0	2349.24	False	/home/sagemaker-user/RFantibody_partialflow/IL1RAP_5I1A_parallel/arm_C_beam_no_anchor/_beam_work/cp02_n0294_rfd_seq.pdb	NA	NA	NA
C	c_node0291	0.542	0.658	0.0	2346.94	False	/home/sagemaker-user/RFantibody_partialflow/IL1RAP_5I1A_parallel/arm_C_beam_no_anchor/_beam_work/cp02_n0291_rfd_seq.pdb	NA	NA	NA
C	c_node0292	0.561	0.71	0.0	2346.7	False	/home/sagemaker-user/RFantibody_partialflow/IL1RAP_5I1A_parallel/arm_C_beam_no_anchor/_beam_work/cp02_n0292_rfd_seq.pdb	NA	NA	NA
C	c_node0271	0.541	0.687	0.0	2346.09	False	/home/sagemaker-user/RFantibody_partialflow/IL1RAP_5I1A_parallel/arm_C_beam_no_anchor/_beam_work/cp02_n0271_rfd_seq.pdb	NA	NA	NA
